{"v":"5.12.1","fr":25,"ip":0,"op":116,"w":589,"h":513,"nm":"stars","ddd":0,"assets":[{"id":"image_0","w":93,"h":92,"u":"images/","p":"img_0.png","e":0},{"id":"image_1","w":106,"h":107,"u":"images/","p":"img_1.png","e":0},{"id":"image_2","w":52,"h":52,"u":"images/","p":"img_2.png","e":0},{"id":"image_3","w":35,"h":34,"u":"images/","p":"img_3.png","e":0},{"id":"image_4","w":35,"h":34,"u":"images/","p":"img_4.png","e":0},{"id":"image_5","w":287,"h":283,"u":"images/","p":"img_5.png","e":0},{"id":"image_6","w":749,"h":653,"u":"images/","p":"img_6.png","e":0},{"id":"comp_0","nm":"Estrellas","fr":25,"layers":[{"ddd":0,"ind":1,"ty":2,"nm":"star-1.png","cl":"png","refId":"image_0","sr":1,"ks":{"o":{"a":0,"k":100,"ix":11},"r":{"a":1,"k":[{"i":{"x":[0.833],"y":[0.833]},"o":{"x":[0.167],"y":[0.167]},"t":69,"s":[0]},{"i":{"x":[0.833],"y":[0.833]},"o":{"x":[0.167],"y":[0.167]},"t":83,"s":[359]},{"i":{"x":[0.833],"y":[0.833]},"o":{"x":[0.167],"y":[0.167]},"t":84,"s":[0]},{"i":{"x":[0.833],"y":[0.833]},"o":{"x":[0.167],"y":[0.167]},"t":93,"s":[0]},{"i":{"x":[0.833],"y":[0.833]},"o":{"x":[0.167],"y":[0.167]},"t":101,"s":[359]},{"t":102,"s":[0]}],"ix":10},"p":{"a":0,"k":[83.862,264.378,0],"ix":2,"l":2},"a":{"a":0,"k":[46.5,46,0],"ix":1,"l":2},"s":{"a":0,"k":[100,100,100],"ix":6,"l":2}},"ao":0,"ip":0,"op":750,"st":0,"bm":0},{"ddd":0,"ind":2,"ty":2,"nm":"bola.png","cl":"png","refId":"image_1","sr":1,"ks":{"o":{"a":0,"k":100,"ix":11},"r":{"a":0,"k":0,"ix":10},"p":{"a":1,"k":[{"i":{"x":0.833,"y":0.833},"o":{"x":0.167,"y":0.167},"t":69,"s":[450.726,413.859,0],"to":[-1,-7.167,0],"ti":[0.004,-0.007,0]},{"i":{"x":0.833,"y":0.833},"o":{"x":0.167,"y":0.167},"t":76,"s":[444.726,370.859,0],"to":[-0.004,0.007,0],"ti":[-0.996,-7.173,0]},{"t":83,"s":[450.7,413.9,0]}],"ix":2,"l":2},"a":{"a":0,"k":[53,53.5,0],"ix":1,"l":2},"s":{"a":0,"k":[100,100,100],"ix":6,"l":2}},"ao":0,"ip":0,"op":750,"st":0,"bm":0},{"ddd":0,"ind":3,"ty":2,"nm":"star-4.png","cl":"png","refId":"image_2","sr":1,"ks":{"o":{"a":0,"k":100,"ix":11},"r":{"a":1,"k":[{"i":{"x":[0.833],"y":[0.833]},"o":{"x":[0.167],"y":[0.167]},"t":69,"s":[0]},{"i":{"x":[0.833],"y":[0.833]},"o":{"x":[0.167],"y":[0.167]},"t":83,"s":[359]},{"i":{"x":[0.833],"y":[0.833]},"o":{"x":[0.167],"y":[0.167]},"t":84,"s":[0]},{"i":{"x":[0.833],"y":[0.833]},"o":{"x":[0.167],"y":[0.167]},"t":93,"s":[0]},{"i":{"x":[0.833],"y":[0.833]},"o":{"x":[0.167],"y":[0.167]},"t":101,"s":[359]},{"t":102,"s":[0]}],"ix":10},"p":{"a":0,"k":[527.138,223.01,0],"ix":2,"l":2},"a":{"a":0,"k":[26,26,0],"ix":1,"l":2},"s":{"a":0,"k":[100,100,100],"ix":6,"l":2}},"ao":0,"ip":0,"op":750,"st":0,"bm":0},{"ddd":0,"ind":4,"ty":2,"nm":"star-3.png","cl":"png","refId":"image_3","sr":1,"ks":{"o":{"a":0,"k":100,"ix":11},"r":{"a":1,"k":[{"i":{"x":[0.833],"y":[0.833]},"o":{"x":[0.167],"y":[0.167]},"t":22,"s":[0]},{"i":{"x":[0.833],"y":[0.833]},"o":{"x":[0.167],"y":[0.167]},"t":44,"s":[719]},{"i":{"x":[0.833],"y":[0.833]},"o":{"x":[0.167],"y":[0.167]},"t":47,"s":[720]},{"i":{"x":[0.833],"y":[0.833]},"o":{"x":[0.167],"y":[0.167]},"t":83,"s":[720]},{"i":{"x":[0.833],"y":[0.833]},"o":{"x":[0.167],"y":[0.167]},"t":101,"s":[1079]},{"t":102,"s":[720]}],"ix":10},"p":{"a":0,"k":[259.61,62.007,0],"ix":2,"l":2},"a":{"a":0,"k":[17.5,17,0],"ix":1,"l":2},"s":{"a":0,"k":[100,100,100],"ix":6,"l":2}},"ao":0,"ip":0,"op":750,"st":0,"bm":0},{"ddd":0,"ind":5,"ty":2,"nm":"star-2.png","cl":"png","refId":"image_4","sr":1,"ks":{"o":{"a":0,"k":100,"ix":11},"r":{"a":1,"k":[{"i":{"x":[0.833],"y":[0.833]},"o":{"x":[0.167],"y":[0.167]},"t":22,"s":[0]},{"i":{"x":[0.833],"y":[0.833]},"o":{"x":[0.167],"y":[0.167]},"t":44,"s":[719]},{"i":{"x":[0.833],"y":[0.833]},"o":{"x":[0.167],"y":[0.167]},"t":47,"s":[720]},{"i":{"x":[0.833],"y":[0.833]},"o":{"x":[0.167],"y":[0.167]},"t":83,"s":[720]},{"i":{"x":[0.833],"y":[0.833]},"o":{"x":[0.167],"y":[0.167]},"t":101,"s":[1079]},{"t":102,"s":[720]}],"ix":10},"p":{"a":0,"k":[190.12,443.381,0],"ix":2,"l":2},"a":{"a":0,"k":[17.5,17,0],"ix":1,"l":2},"s":{"a":0,"k":[100,100,100],"ix":6,"l":2}},"ao":0,"ip":0,"op":750,"st":0,"bm":0},{"ddd":0,"ind":6,"ty":2,"nm":"star.png","cl":"png","refId":"image_5","sr":1,"ks":{"o":{"a":0,"k":100,"ix":11},"r":{"a":0,"k":0,"ix":10},"p":{"a":0,"k":[294.5,256.5,0],"ix":2,"l":2},"a":{"a":0,"k":[143.5,141.5,0],"ix":1,"l":2},"s":{"a":0,"k":[100,100,100],"ix":6,"l":2}},"ao":0,"ip":0,"op":750,"st":0,"bm":0}]}],"layers":[{"ddd":0,"ind":1,"ty":0,"nm":"Estrellas","refId":"comp_0","sr":1,"ks":{"o":{"a":0,"k":100,"ix":11},"r":{"a":1,"k":[{"i":{"x":[0.833],"y":[0.833]},"o":{"x":[0.167],"y":[0.167]},"t":22,"s":[0]},{"i":{"x":[0.833],"y":[0.833]},"o":{"x":[0.167],"y":[0.167]},"t":44,"s":[-20]},{"i":{"x":[0.833],"y":[0.833]},"o":{"x":[0.167],"y":[0.167]},"t":69,"s":[-20]},{"i":{"x":[0.833],"y":[0.833]},"o":{"x":[0.167],"y":[0.167]},"t":83,"s":[-15]},{"i":{"x":[0.833],"y":[0.833]},"o":{"x":[0.167],"y":[0.167]},"t":93,"s":[-15]},{"t":102,"s":[0]}],"ix":10},"p":{"a":0,"k":[294.5,256.5,0],"ix":2,"l":2},"a":{"a":0,"k":[294.5,256.5,0],"ix":1,"l":2},"s":{"a":0,"k":[100,100,100],"ix":6,"l":2}},"ao":0,"w":589,"h":513,"ip":0,"op":750,"st":0,"bm":0},{"ddd":0,"ind":2,"ty":2,"nm":"fondo-estrellas.png","cl":"png","refId":"image_6","sr":1,"ks":{"o":{"a":0,"k":100,"ix":11},"r":{"a":0,"k":0,"ix":10},"p":{"a":0,"k":[294.5,256.5,0],"ix":2,"l":2},"a":{"a":0,"k":[374.5,326.5,0],"ix":1,"l":2},"s":{"a":0,"k":[100,100,100],"ix":6,"l":2}},"ao":0,"ip":0,"op":750,"st":0,"bm":0}],"markers":[],"props":{}}